epoch,distance_avg_mm,accuracy
100,29.42584942805102,0.2297872340425532
200,24.946803133625846,0.451063829787234
300,23.817187906100852,0.4425531914893617
400,23.257127560732066,0.5148936170212766
500,21.759805483640953,0.5361702127659574
